<?xml version="1.0" encoding="UTF-8"?>
<project-private xmlns="http://www.netbeans.org/ns/project-private/1">
    <editor-bookmarks xmlns="http://www.netbeans.org/ns/editor-bookmarks/2" lastBookmarkId="0"/>
    <open-files xmlns="http://www.netbeans.org/ns/projectui-open-files/2">
        <group>
            <file>file:/C:/Users/USER/OneDrive%20-%20lus.ac.bd/Documents/NetBeansProjects/SeatArrangement/src/seatarrangement/LoginPage.java</file>
            <file>file:/C:/Users/USER/OneDrive%20-%20lus.ac.bd/Documents/NetBeansProjects/SeatArrangement/src/seatarrangement/SeatArrangement.java</file>
            <file>file:/C:/Users/USER/OneDrive%20-%20lus.ac.bd/Documents/NetBeansProjects/SeatArrangement/src/seatarrangement/New_Old_Selection.java</file>
            <file>file:/C:/Users/USER/OneDrive%20-%20lus.ac.bd/Documents/NetBeansProjects/SeatArrangement/src/seatarrangement/RegistrationForm.java</file>
        </group>
    </open-files>
</project-private>
